"Step = 1008,
r = 0.030000",,,,,,
Prob,Qtree Call,BSCall,,Qtree Put,BSPut,
0.085,21.986894,22.007894,0.0954%,9.343929,9.347992,0.0435%
0.095,21.984321,22.007894,0.1071%,9.343359,9.347992,0.0496%
0.105,21.981751,22.007894,0.1188%,9.342792,9.347992,0.0556%
0.115,21.979186,22.007894,0.1304%,9.34223,9.347992,0.0616%
0.125,21.976625,22.007894,0.1421%,9.341671,9.347992,0.0676%
0.135,21.974068,22.007894,0.1537%,9.341116,9.347992,0.0736%
0.145,21.971514,22.007894,0.1653%,9.340566,9.347992,0.0794%
0.155,21.968965,22.007894,0.1769%,9.340019,9.347992,0.0853%
0.165,21.96642,22.007894,0.1885%,9.339476,9.347992,0.0911%
